City_ID,City,Latitude,Longitude,Max Temp,Humidity,Cloudiness,Wind Speed,Country,Date
0,kingston,17.997,-76.7936,303.68,62,40,3.09,JM,1738089610
1,waitangi,-43.9535,-176.5597,285.83,90,3,2.23,NZ,1738089126
2,mount pearl,47.5166,-52.7813,277.22,87,75,10.8,CA,1738089612
3,adamstown,-25.066,-130.1015,298.17,67,0,2.14,PN,1738089080
4,port-aux-francais,-49.35,70.2167,278.44,86,93,12.03,TF,1738089071
5,gorom-gorom,14.4439,-0.2361,299.61,12,100,4.43,BF,1738089616
6,klaksvik,62.2266,-6.589,276.62,60,48,1.7,FO,1738089617
7,leava,-14.3,-178.1667,299.99,64,100,1.79,WF,1738089618
8,grand falls-windsor,48.9332,-55.6649,276.21,65,100,3.58,CA,1738089574
9,huarmey,-10.0681,-78.1522,297.18,77,92,3.56,PE,1738089471
10,olonkinbyen,70.9221,-8.7187,269.45,91,98,6.38,SJ,1738089132
11,port isabel,26.0734,-97.2086,291.49,88,100,2.06,US,1738089623
12,papatowai,-46.5619,169.4708,286.11,88,100,5.64,NZ,1738089624
13,bamboo flat,11.7,92.7167,300.2,83,75,1.03,IN,1738089625
14,kenora,49.8167,-94.4337,270.69,80,100,10.29,CA,1738089626
15,turgen,43.4006,77.5933,268.89,76,94,2.89,KZ,1738089627
16,kapshagay,43.8833,77.0833,264.37,91,89,1.97,KZ,1738089628
17,puerto natales,-51.7236,-72.4875,290.4,42,100,9.77,CL,1738089067
18,kiamba,5.9894,124.6242,298.6,75,100,1.77,PH,1738089630
19,mazagao,-0.115,-51.2894,304.68,52,7,2.97,BR,1738089203
20,ushuaia,-54.8,-68.3,287.96,47,75,5.66,AR,1738089195
21,punta arenas,-53.15,-70.9167,288.21,55,75,11.83,CL,1738089634
22,itoman,26.1247,127.6694,286.36,54,75,7.2,JP,1738089635
23,rongelap,11.1635,166.8941,299.24,82,97,8.48,MH,1738089636
24,dongola,19.1667,30.4833,291.27,28,0,5.17,SD,1738089637
25,tiksi,71.6872,128.8694,246.85,93,100,7.1,RU,1738089638
26,grytviken,-54.2811,-36.5092,283.04,52,1,4.84,GS,1738089082
27,al bawiti,28.3492,28.8659,287.43,58,6,4.28,EG,1738089597
28,edinburgh of the seven seas,-37.0676,-12.3116,288.21,74,47,12.59,SH,1738089094
29,port mathurin,-19.6833,63.4167,299.85,78,21,6.61,MU,1738089643
30,northam,51.0333,-4.2167,281.37,85,73,3.13,GB,1738089644
31,talnakh,69.4865,88.3972,247.98,86,10,3.47,RU,1738089103
32,iqaluit,63.7506,-68.5145,260.0,60,100,3.09,CA,1738089081
33,blackmans bay,-43.0167,147.3167,283.22,74,0,2.41,AU,1738089143
34,chebba,35.2372,11.115,290.09,66,1,4.04,TN,1738089648
35,margaret river,-33.95,115.0667,289.13,77,1,5.33,AU,1738088851
36,isafjordur,66.0755,-23.124,272.17,74,100,3.09,IS,1738089158
37,bentiu,9.2333,29.8333,299.48,15,0,2.38,SS,1738089652
38,ettelbruck,49.8475,6.1042,280.64,93,99,7.71,LU,1738089653
39,tralee,52.2704,-9.7026,280.29,87,75,4.12,IE,1738089620
40,nikolayevsk-on-amure,53.1406,140.73,255.97,98,100,2.27,RU,1738089655
41,port elizabeth,-33.918,25.5701,296.1,99,29,0.89,ZA,1738089656
42,urangan,-25.3,152.9,297.37,88,100,3.18,AU,1738089093
43,kruisfontein,-34.0033,24.7314,293.82,95,88,4.96,ZA,1738089659
44,west island,-12.1568,96.8225,301.14,89,40,3.09,CC,1738089660
45,san antonio de pale,-1.4014,5.6325,300.8,78,7,2.69,GQ,1738089661
46,tofol,5.3248,163.0078,300.34,82,100,7.12,FM,1738089131
47,susuman,62.7833,148.1667,228.67,97,73,0.27,RU,1738089611
48,atafu village,-8.5421,-172.5159,301.1,72,100,5.6,TK,1738089196
49,mossel bay,-34.1831,22.146,295.16,92,41,10.44,ZA,1738089665
50,kapa'a,22.0752,-159.319,292.33,63,100,3.6,US,1738089590
51,hawaiian paradise park,19.5933,-154.9731,293.64,90,20,2.57,US,1738089668
52,kodinsk,58.6881,99.1844,239.25,100,52,1.46,RU,1738089669
53,callao,-12.0667,-77.15,299.31,65,0,4.63,PE,1738089670
54,mourmelon-le-grand,49.1326,4.3642,281.97,81,100,7.72,FR,1738089671
55,lazaro cardenas,17.9583,-102.2,301.35,65,100,4.29,MX,1738089672
56,seaside,36.6111,-121.8516,285.86,77,0,1.79,US,1738089673
57,tomatlan,19.9333,-105.25,304.79,33,90,4.26,MX,1738089675
58,bredasdorp,-34.5322,20.0403,294.95,85,94,8.62,ZA,1738089676
59,st. john's,47.5649,-52.7093,277.68,87,75,10.8,CA,1738089677
60,san andres,12.5847,-81.7006,302.16,79,20,7.72,CO,1738089678
61,korla,41.7597,86.1469,262.78,84,73,2.08,CN,1738089679
62,taulaga,-11.0553,-171.0883,300.83,72,96,2.33,AS,1738089680
63,caibarien,22.5206,-79.4669,296.93,74,99,6.12,CU,1738089682
64,ha giang,22.8333,104.9833,281.58,67,12,1.08,VN,1738089683
65,stanley,54.868,-1.6985,278.16,90,75,3.6,GB,1738089097
66,bayji,34.9311,43.487,285.48,45,0,2.46,IQ,1738089685
67,longyearbyen,78.2186,15.6401,272.06,69,75,10.29,SJ,1738089686
68,port saint john's,-31.6229,29.5448,296.81,86,82,4.29,ZA,1738089688
69,al jawf,29.5,38.75,285.14,44,0,6.7,SA,1738089689
70,hadibu,12.65,54.0333,296.69,84,42,3.83,YE,1738089690
71,mata-utu,-13.2816,-176.1745,300.38,75,100,2.92,WF,1738089162
72,es castell,39.8795,4.2854,284.53,71,20,2.57,ES,1738089692
73,puerto ayora,-0.7393,-90.3518,299.57,91,99,3.13,EC,1738089133
74,tazovsky,67.4667,78.7,250.27,88,100,5.94,RU,1738089150
75,hovd,48.0056,91.6419,255.34,80,100,0.2,MN,1738089696
76,yanaul,56.2719,54.9309,274.17,99,100,6.41,RU,1738089697
77,chunian,30.964,73.9803,285.73,16,0,1.91,PK,1738089698
78,cidreira,-30.1811,-50.2056,298.38,86,1,6.02,BR,1738089680
79,bubaque,11.2833,-15.8333,297.98,81,49,5.77,GW,1738089700
80,el calafate,-50.3408,-72.2768,288.67,54,36,5.67,AR,1738089701
81,saurimo,-9.6608,20.3916,291.18,97,76,1.78,AO,1738089702
82,bilibino,68.0546,166.4372,234.93,99,61,1.29,RU,1738089116
83,caleta de carquin,-11.0925,-77.6267,297.25,75,83,3.99,PE,1738089704
84,ribeira grande,38.5167,-28.7,291.37,82,40,8.49,PT,1738089106
85,utrik,11.2278,169.8474,299.45,80,98,7.97,MH,1738089152
86,bushehr,28.9684,50.8385,291.2,59,0,6.17,IR,1738089708
87,valbo,60.65,17.0333,273.74,100,100,0.45,SE,1738089709
88,maintirano,-18.0667,44.0167,300.54,83,100,5.9,MG,1738089710
89,arkhangel'sk,64.5401,40.5433,271.21,100,75,3.0,RU,1738089603
90,souillac,-20.5167,57.5167,298.36,94,40,0.0,MU,1738089712
91,pacific grove,36.6177,-121.9166,285.58,78,0,2.68,US,1738089713
92,bathsheba,13.2167,-59.5167,302.49,70,75,8.75,BB,1738089714
93,westport,41.1415,-73.3579,276.34,38,37,8.49,US,1738089716
94,san pedro pochutla,15.7333,-96.4667,306.32,32,13,3.95,MX,1738089717
95,lerwick,60.1545,-1.1494,280.5,89,82,6.77,GB,1738089705
96,invercargill,-46.4,168.35,288.16,74,76,1.34,NZ,1738089016
97,haiku-pauwela,20.9219,-156.3051,292.62,93,75,4.63,US,1738089444
98,midvagur,62.0511,-7.1939,271.61,74,20,1.03,FO,1738089721
99,sabang,5.8933,95.3214,301.17,79,49,9.46,ID,1738089551
100,bijar,35.8668,47.6051,268.87,80,7,0.98,IR,1738089723
101,jamestown,42.097,-79.2353,270.38,64,75,7.72,US,1738089582
102,loen,7.7601,168.2307,300.19,80,100,9.27,MH,1738089726
103,vernon,50.2581,-119.2691,268.67,74,40,2.57,CA,1738089727
104,milan,45.4643,9.1895,280.97,92,0,0.51,IT,1738089618
105,yokadouma,3.5167,15.05,297.17,27,43,1.13,CM,1738089729
106,nushki,29.5542,66.0215,285.09,39,43,1.86,PK,1738089730
107,cataingan,12.003,123.992,298.17,88,100,8.86,PH,1738089731
108,lebu,-37.6167,-73.65,289.93,61,6,8.63,CL,1738089732
109,keelung,25.1283,121.7419,284.79,57,0,3.61,TW,1738089734
110,albany,42.6001,-73.9662,268.96,46,85,1.79,US,1738089135
111,ginir,7.1333,40.7,290.87,43,100,0.53,ET,1738089736
112,uturoa,-16.7333,-151.4333,301.22,74,100,8.48,PF,1738089197
113,rosslau,51.8833,12.25,279.27,90,100,0.89,DE,1738089738
114,omdurman,15.6445,32.4777,295.61,15,0,6.17,SD,1738089739
115,groningen,53.25,6.75,280.94,89,100,5.14,NL,1738089740
116,dunedin,-45.8742,170.5036,291.37,60,100,5.56,NZ,1738089534
117,zouerate,22.7187,-12.4521,296.41,13,0,5.49,MR,1738089743
118,hamilton,39.1834,-84.5333,281.04,50,0,6.69,US,1738089744
119,ingeniero jacobacci,-41.3427,-69.5448,301.84,7,100,7.72,AR,1738089745
120,avarua,-21.2078,-159.775,301.18,78,75,5.66,CK,1738089746
121,pangody,65.85,74.4859,255.65,96,100,4.81,RU,1738089609
122,hermanus,-34.4187,19.2345,295.82,81,61,8.67,ZA,1738089748
123,jwaneng,-24.6004,24.7303,298.48,30,39,3.46,BW,1738089749
124,alenquer,-1.9417,-54.7383,303.73,61,95,1.62,BR,1738089750
125,belmonte,-15.8631,-38.8828,301.9,67,0,4.43,BR,1738089752
126,kodiak,57.79,-152.4072,267.88,50,75,4.63,US,1738089753
127,bac lieu,9.285,105.7244,296.61,76,100,5.47,VN,1738089754
128,lihue,21.9789,-159.3672,291.92,63,100,3.6,US,1738089755
129,petropavlovsk-kamchatsky,53.0452,158.6483,269.48,54,75,9.0,RU,1738089706
130,ilulissat,69.2167,-51.1,260.16,47,40,8.23,GL,1738089215
131,rio grande,-32.035,-52.0986,298.93,75,12,5.69,BR,1738089758
132,ihosy,-22.4,46.1167,295.35,93,100,4.15,MG,1738089759
133,puerto deseado,-47.7503,-65.8938,297.97,24,14,10.79,AR,1738089761
134,vorgashor,67.5833,63.95,248.88,97,99,1.04,RU,1738089367
135,bandarbeyla,9.4942,50.8122,296.8,83,0,5.78,SO,1738089763
136,kyren,51.6828,102.1408,249.53,90,66,0.61,RU,1738089764
137,puerto baquerizo moreno,-0.9,-89.6,301.7,74,40,4.63,EC,1738089765
138,egilsstadir,65.2653,-14.3948,268.1,74,40,5.14,IS,1738089766
139,yellowknife,62.456,-114.3525,261.44,100,100,2.06,CA,1738089767
140,remire-montjoly,4.9167,-52.2667,299.17,89,100,3.09,GF,1738089259
141,dalandzadgad,43.5708,104.425,262.24,64,100,1.69,MN,1738089770
142,constantia,44.1833,28.65,277.53,89,5,5.11,RO,1738089771
143,partur,19.6,76.2167,298.32,34,100,2.52,IN,1738089772
144,kosh-agach,50.0,88.6667,254.25,88,100,0.45,RU,1738089773
145,ozalp,38.6548,43.993,256.1,95,41,1.03,TR,1738089774
146,anadyr,64.75,177.4833,239.43,68,0,5.0,RU,1738089718
147,fale old settlement,-9.3852,-171.2468,301.26,71,100,4.82,TK,1738089777
148,hasaki,35.7333,140.8333,278.87,74,76,1.81,JP,1738089778
149,bako,5.7833,36.5667,294.48,46,6,1.99,ET,1738089779
150,mzimba,-11.9,33.6,290.45,91,100,1.87,MW,1738089780
151,tionk essil,12.7856,-16.5217,301.2,41,0,4.45,SN,1738089781
152,ust-nera,64.5667,143.2,232.6,98,68,2.17,RU,1738089467
153,geiro,-6.15,36.8667,291.02,92,100,1.28,TZ,1738089783
154,dudinka,69.4058,86.1778,240.77,97,5,2.14,RU,1738089785
155,kamennogorsk,60.9545,29.1339,274.2,100,100,1.41,RU,1738089786
156,holdrege,40.4403,-99.3698,283.29,29,0,7.2,US,1738089787
157,fedorovskiy,45.0972,40.9517,276.59,83,0,2.9,RU,1738089788
158,ko pha ngan,9.7578,100.0291,296.97,75,100,7.08,TH,1738089789
159,xai-xai,-25.0519,33.6442,298.73,74,0,5.85,MZ,1738089594
160,wailua homesteads,22.0669,-159.378,291.59,63,100,3.6,US,1738089791
161,bantay,17.5847,120.3892,295.72,70,42,5.81,PH,1738089792
162,sur,22.5667,59.5289,294.54,48,0,0.41,OM,1738089239
163,hithadhoo,-0.6,73.0833,301.15,78,100,7.16,MV,1738089795
164,gadzhiyevo,69.2551,33.3362,268.76,86,100,6.85,RU,1738089242
165,weno,7.4515,151.8468,302.12,74,75,5.14,FM,1738089797
166,ixtapa,20.7,-105.2,298.72,50,75,2.57,MX,1738089798
167,port lincoln,-34.7333,135.8667,289.62,72,13,5.6,AU,1738089374
168,nandu,22.8525,110.8233,287.21,25,99,0.5,CN,1738089800
169,saint-joseph,-21.3667,55.6167,301.36,86,100,0.87,RE,1738089303
170,nueva esperanza,15.2667,-87.6,300.1,72,89,1.95,HN,1738089803
171,pedra branca,-5.4542,-39.7172,302.65,48,72,2.77,BR,1738089804
172,enewetak,11.3474,162.3373,300.21,73,45,8.72,MH,1738089805
173,ugoofaaru,5.6667,73.0,299.67,80,100,5.92,MV,1738089806
174,galliano,29.4422,-90.2992,286.15,76,100,2.06,US,1738089807
175,chibougamau,49.9168,-74.3659,250.94,64,75,5.14,CA,1738089294
176,minas de marcona,-15.2119,-75.1103,295.95,60,100,5.17,PE,1738089262
177,colonia,50.9333,6.95,281.73,81,75,4.63,DE,1738089443
178,santa ana,33.7456,-117.8678,288.03,71,40,3.09,US,1738089547
179,taoudenni,22.6783,-3.9836,296.03,12,0,4.66,ML,1738089278
180,la'ie,21.6477,-157.9253,294.85,65,100,1.79,US,1738089815
181,cockburn town,21.4612,-71.1419,298.55,81,31,5.81,TC,1738089427
182,miandrivazo,-19.5167,45.4667,300.02,83,100,2.16,MG,1738089817
183,igarka,67.4667,86.5833,244.9,93,5,2.73,RU,1738089818
184,nguigmi,14.2495,13.1092,296.7,17,100,5.45,NE,1738089820
185,la ronge,55.1001,-105.2842,269.29,74,100,1.54,CA,1738089459
186,wafangdian,39.6183,122.0081,259.03,86,5,1.73,CN,1738089822
187,tolanaro,-25.0319,46.9987,298.19,94,75,7.2,MG,1738089823
188,douentza,14.9951,-2.9517,299.8,10,100,3.29,ML,1738089824
189,mandan,46.8267,-100.8896,280.14,49,0,11.83,US,1738089825
190,nagqu,31.5,92.0,259.88,13,0,1.29,CN,1738089413
191,chonchi,-42.6128,-73.8092,293.92,43,98,0.62,CL,1738089827
192,saudarkrokur,65.7461,-19.6394,267.37,93,98,2.9,IS,1738089828
193,villamontes,-21.25,-63.5,310.84,34,20,0.0,BO,1738089830
194,thompson,55.7435,-97.8558,253.24,71,75,4.63,CA,1738089831
195,san luis,-33.295,-66.3356,299.2,51,58,0.96,AR,1738089832
196,koungou,-12.7336,45.2042,301.99,79,20,5.14,YT,1738089833
197,olinda,-8.0089,-34.8553,303.0,66,75,1.54,BR,1738089834
198,mendi,-6.1761,143.6513,285.54,97,100,1.62,PG,1738089835
199,ancud,-41.8697,-73.8203,289.86,62,94,4.57,CL,1738089645
200,iskateley,67.6803,53.1512,255.62,100,92,2.25,RU,1738089838
201,heyuan,23.7333,114.6833,281.57,39,100,1.81,CN,1738089839
202,katabu,-4.9333,122.5167,296.91,97,100,0.92,ID,1738089475
203,keflavik,64.0049,-22.5624,268.39,86,40,4.63,IS,1738089468
204,porto novo,6.4965,2.6036,302.05,76,0,3.66,BJ,1738089842
205,kamaishi,39.2667,141.8833,274.62,81,12,2.95,JP,1738089843
206,bethel,41.3712,-73.414,275.2,37,40,9.77,US,1738089844
207,jatiroto,-7.8833,111.1167,296.47,93,100,1.38,ID,1738089846
208,nemuro,43.3236,145.575,270.86,79,6,4.77,JP,1738089847
209,port moresby,-9.4431,147.1797,298.3,86,100,1.59,PG,1738089848
210,touros,-5.1989,-35.4608,302.07,65,2,5.33,BR,1738089329
211,paita,-5.0892,-81.1144,298.78,67,97,5.37,PE,1738089850
212,inhumas,-16.3578,-49.4961,300.91,67,72,1.84,BR,1738089851
213,pisco,-13.7,-76.2167,299.27,69,0,3.6,PE,1738089852
214,inhambane,-23.865,35.3833,299.07,71,34,6.6,MZ,1738089854
215,boyolangu,-8.1181,111.8935,297.28,93,100,2.49,ID,1738089855
216,khandyga,62.6667,135.6,238.32,96,100,0.98,RU,1738089856
217,brisas de zicatela,15.8369,-97.0419,303.44,58,40,2.06,MX,1738089857
218,faya-largeau,17.9257,19.1043,293.43,19,100,6.72,TD,1738089327
219,ta`u,-14.2336,-169.5144,300.53,75,78,2.56,AS,1738089859
220,kovdor,67.5662,30.4758,264.39,98,100,1.6,RU,1738089861
221,road town,18.4167,-64.6167,302.17,70,40,3.6,VG,1738089829
222,saint-pierre,-21.3393,55.4781,301.97,74,100,1.54,RE,1738089884
223,patong,7.8961,98.2966,300.23,76,84,9.22,TH,1738089885
224,pirane,-25.7324,-59.1088,312.19,30,36,4.64,AR,1738089886
225,la passe,45.5549,-0.8967,283.09,80,2,11.53,FR,1738089509
226,butterworth,5.3991,100.3638,300.17,61,20,3.09,MY,1738089888
227,oranjemund,-28.55,16.4333,292.57,88,0,0.85,NA,1738089890
228,palikir - national government center,6.9248,158.1611,300.56,74,100,2.57,FM,1738089891
229,sejny,54.108,23.347,278.73,90,100,4.66,PL,1738089892
230,hibbing,47.4272,-92.9377,276.77,49,0,8.75,US,1738089893
231,marsh harbour,26.5412,-77.0636,294.79,66,100,6.13,BS,1738089895
232,whitehorse,60.7161,-135.0538,266.58,58,20,2.06,CA,1738089896
233,port alfred,-33.5906,26.891,296.58,96,2,2.24,ZA,1738089897
234,south bel air,39.5332,-76.3375,280.45,44,75,4.12,US,1738089898
235,auki,-8.7676,160.7034,298.02,90,100,1.77,SB,1738089899
236,laguna,38.421,-121.4238,283.97,64,0,2.06,US,1738089147
237,san rafael del yuma,18.4299,-68.6739,302.26,62,65,4.42,DO,1738089902
238,greymouth,-42.4667,171.2,286.58,79,100,3.02,NZ,1738089903
239,arraial do cabo,-22.9661,-42.0278,304.13,66,40,3.6,BR,1738089904
240,alotau,-10.3069,150.4462,298.64,85,100,2.6,PG,1738089905
241,fort-shevchenko,44.5086,50.263,275.43,72,10,4.78,KZ,1738089907
242,sagang,10.3612,123.0722,295.17,86,100,2.44,PH,1738089908
243,norfolk,42.1668,-71.2495,274.34,33,3,4.02,US,1738089720
244,mount gambier,-37.8333,140.7667,288.02,58,100,3.5,AU,1738089734
245,vila franca do campo,37.7167,-25.4333,291.42,99,50,6.6,PT,1738089911
246,qeshm,26.9581,56.2719,294.0,65,0,8.95,IR,1738089912
247,merizo village,13.2658,144.6691,299.47,78,100,7.74,GU,1738089913
248,mazatlan,23.2167,-106.4167,298.13,64,100,1.34,MX,1738089912
249,koysinceq,36.0821,44.6278,281.2,49,0,2.31,IQ,1738089916
250,irymple,-34.25,142.1667,289.31,62,0,1.79,AU,1738089917
251,datong,40.0936,113.2914,258.84,81,7,0.28,CN,1738089918
252,cape coast,5.1053,-1.2466,300.11,83,4,4.61,GH,1738089919
253,college,64.8569,-147.8028,255.12,71,75,0.0,US,1738089921
254,murray bridge,-35.1167,139.2667,286.43,73,4,4.17,AU,1738089922
255,new norfolk,-42.7826,147.0587,282.55,91,3,1.13,AU,1738089923
256,manaure,11.7751,-72.4445,304.35,51,100,11.05,CO,1738089924
257,selfoss,63.9331,-20.9971,265.95,88,22,2.83,IS,1738089925
258,tura,25.5198,90.2201,287.57,67,0,1.18,IN,1738089926
259,udachny,66.4167,112.4,241.76,100,99,1.68,RU,1738089927
260,praya,14.9215,-23.5087,300.45,44,0,7.72,CV,1738089929
261,pangai,-19.8,-174.35,299.21,78,75,1.03,TO,1738089930
262,sandnessjoen,66.0217,12.6316,275.21,87,75,3.6,NO,1738089931
263,ambon,-3.6954,128.1814,302.17,100,40,2.57,ID,1738089933
264,urucui,-7.2294,-44.5561,303.38,62,100,2.27,BR,1738089934
265,vangaindrano,-23.35,47.6,299.28,93,100,3.39,MG,1738089935
266,nyagan,62.1406,65.3936,252.73,99,100,1.12,RU,1738089936
267,bolands,17.0657,-61.8747,301.01,100,40,5.14,AG,1738089938
268,trostberg an der alz,48.0333,12.55,275.48,92,100,0.89,DE,1738089939
269,karungdong,5.8844,121.263,299.4,86,100,1.89,PH,1738089940
270,krivosheino,57.3431,83.9261,261.12,96,100,1.94,RU,1738089941
271,plettenberg bay,-34.0527,23.3716,294.62,93,59,4.69,ZA,1738089942
272,beau vallon,-20.4189,57.6953,298.28,94,40,0.0,MU,1738089943
273,codrington,-38.2667,141.9667,286.02,65,6,4.07,AU,1738089458
274,hilo,19.7297,-155.09,294.0,93,100,5.66,US,1738089805
275,lysyye gory,51.5506,44.8414,274.39,81,100,2.85,RU,1738089947
276,andergrove,-21.0833,149.1833,299.56,84,100,5.08,AU,1738089948
277,flin flon,54.7682,-101.865,261.06,72,75,5.14,CA,1738089949
278,gao,16.6362,1.637,297.84,12,54,4.6,ML,1738089950
279,sumbe,-11.2061,13.8437,298.81,79,100,1.32,AO,1738089951
280,vilyuchinsk,52.9306,158.4028,270.3,78,100,4.61,RU,1738089952
281,aasiaat,68.7098,-52.8699,248.86,83,100,3.11,GL,1738089954
282,nizhneangarsk,55.7833,109.55,246.58,83,32,2.36,RU,1738089955
283,kasulu,-4.5767,30.1025,291.02,89,90,0.38,TZ,1738089956
284,argo,37.6333,22.7333,285.69,70,100,0.82,GR,1738089957
285,nago,26.5881,127.9761,285.22,61,23,5.67,JP,1738089958
286,kavieng,-2.5744,150.7967,301.44,70,39,4.53,PG,1738089959
287,kushiro,42.975,144.3747,266.68,93,5,2.57,JP,1738089961
288,island harbour,50.724,-1.2758,282.19,86,100,7.6,GB,1738089962
289,east london,-33.0153,27.9116,296.88,82,0,6.09,ZA,1738089963
290,ramamangalam,9.9334,76.5,296.98,91,100,0.95,IN,1738089964
291,olyokminsk,60.3736,120.4264,247.92,98,100,0.54,RU,1738089965
292,lata,40.1629,-8.3327,279.65,84,20,1.63,PT,1738089966
293,talghar,43.3044,77.2328,264.18,86,75,2.0,KZ,1738089968
294,georgetown,5.4112,100.3354,300.11,61,20,3.6,MY,1738089743
295,sirajganj,24.45,89.7167,291.09,53,17,1.53,BD,1738089970
296,abilene,32.4487,-99.7331,284.36,69,100,2.57,US,1738089971
297,bardai,11.65,7.2333,294.04,17,100,4.28,NG,1738089973
298,wewak,-3.5534,143.6268,299.35,82,96,0.82,PG,1738089974
299,fort bragg,35.139,-79.006,288.06,32,0,5.66,US,1738089975
300,estacion coahuila,32.1939,-115.0017,287.93,39,5,1.0,MX,1738089976
301,la sarre,48.8002,-79.1996,254.49,83,100,4.03,CA,1738089977
302,akureyri,65.6835,-18.0878,265.11,86,75,3.6,IS,1738089978
303,villa gesell,-37.2639,-56.973,294.53,64,100,7.77,AR,1738089979
304,kailua-kona,19.6406,-155.9956,296.13,71,0,4.63,US,1738089981
305,alaghsas,17.0187,8.0168,298.09,15,0,5.66,NE,1738089982
306,nogliki,51.8333,143.1667,267.63,92,100,9.1,RU,1738089983
307,holualoa,19.6228,-155.9522,294.17,74,0,4.63,US,1738089514
308,slawno,54.3628,16.6789,280.24,98,100,1.88,PL,1738089985
309,badger,64.8,-147.5333,255.08,71,75,0.0,US,1738089424
310,kristiansund,63.1115,7.732,275.51,87,0,3.09,NO,1738089987
311,milton-freewater,45.9326,-118.3877,276.31,71,0,1.6,US,1738089989
312,koprivnica,46.1628,16.8275,285.83,68,100,7.14,HR,1738089990
313,goure,13.9835,10.2704,295.13,15,100,3.98,NE,1738089991
314,dryden,49.7833,-92.7503,265.31,79,100,3.09,CA,1738089992
315,yangsan,35.3386,129.0386,272.11,55,20,5.66,KR,1738089846
316,andkhoy,36.9529,65.1238,275.39,67,100,4.33,AF,1738089994
317,mpongwe,-13.5091,28.155,291.89,97,100,2.13,ZM,1738089995
318,pathein,16.7833,94.7333,296.34,74,100,1.61,MM,1738089996
319,gagliano del capo,39.8442,18.3695,287.83,94,100,6.69,IT,1738089997
320,nova sintra,14.8667,-24.7167,296.74,77,0,11.26,CV,1738089999
321,vadso,70.0744,29.7487,270.24,80,75,5.14,NO,1738090000
322,qaqortoq,60.7167,-46.0333,266.59,90,100,3.9,GL,1738090001
323,fontem,5.4685,9.8818,297.0,44,13,0.92,CM,1738090002
324,ouadda,8.0777,22.4007,294.98,16,17,2.41,CF,1738090003
325,newman,37.3138,-121.0208,282.07,42,0,1.05,US,1738090004
326,nar'yan-mar,67.6713,53.087,255.5,100,92,2.22,RU,1738089785
327,lebork,54.5392,17.7501,280.06,99,100,2.7,PL,1738090007
328,opi,6.7814,7.4365,298.27,16,0,1.12,NG,1738090008
329,tchintabaraden,15.8969,5.7985,296.5,11,100,4.81,NE,1738090009
330,mil'kovo,55.6078,37.7956,277.39,65,100,3.67,RU,1738090010
331,north bend,43.4065,-124.2243,279.35,65,0,3.09,US,1738090011
332,tazacorte,28.629,-17.9293,292.69,87,75,5.14,ES,1738090012
333,san patricio,28.017,-97.5169,289.12,91,100,2.98,US,1738090013
334,raduzhnyy,62.0961,77.475,251.48,98,28,3.18,RU,1738090014
335,camacupa,-12.0167,17.4833,290.03,95,92,1.45,AO,1738090016
336,sarh,9.1429,18.3923,299.1,25,0,0.0,TD,1738090017
337,labrador city,52.9463,-66.9114,251.1,64,75,8.75,CA,1738090018
338,araguaina,-7.1911,-48.2072,302.96,65,93,1.13,BR,1738090019
339,kozhikode,11.25,75.7667,297.8,82,100,1.78,IN,1738090020
340,seydi,39.4816,62.9137,274.51,61,100,5.86,TM,1738090021
341,yuzhno-kurilsk,44.0306,145.8556,269.47,88,56,1.69,RU,1738090022
342,papao,-17.75,-149.55,302.97,75,92,8.57,PF,1738090024
343,hengchun,22.0042,120.7439,289.75,74,97,10.69,TW,1738090025
344,sinabang,2.4803,96.3801,299.3,80,57,0.47,ID,1738090026
345,reggane,26.7158,0.1714,295.36,13,0,4.71,DZ,1738090027
346,port shepstone,-30.7414,30.455,297.93,78,100,4.54,ZA,1738090028
347,tabou,4.423,-7.3528,299.97,80,34,2.91,CI,1738090029
348,contamana,-7.3333,-75.0167,295.82,100,100,0.84,PE,1738090031
349,flying fish cove,-10.4217,105.6791,299.97,94,75,2.06,CX,1738090032
350,earlimart,35.8841,-119.2723,283.41,71,0,0.0,US,1738090033
351,suksun,57.1431,57.3949,273.64,98,100,4.86,RU,1738090034
352,seelow,52.5339,14.3813,279.94,90,100,3.15,DE,1738090035
353,howrah,22.5892,88.3103,292.15,82,62,0.0,IN,1738090036
354,fisterra,42.9049,-9.2629,285.87,63,100,8.98,ES,1738090038
355,acapulco de juarez,16.8634,-99.8901,302.05,74,40,3.6,MX,1738090039
356,carnarvon,-24.8667,113.6333,302.46,68,71,5.59,AU,1738090040
357,praia da vitoria,38.7333,-27.0667,291.29,77,20,6.45,PT,1738090041
358,byron bay,-28.65,153.6167,294.03,88,0,2.08,AU,1738090042
359,vredendal,-31.6683,18.5012,296.99,59,0,3.84,ZA,1738090044
360,chui,-33.6971,-53.4616,300.71,58,6,4.79,UY,1738090045
361,sao gabriel da cachoeira,-0.1303,-67.0892,303.04,70,75,2.06,BR,1738090046
362,bar-sur-aube,48.25,4.5833,280.21,87,22,8.03,FR,1738090047
363,saipan,15.1355,145.701,301.54,72,20,6.17,MP,1738090048
364,puigcerda,42.4316,1.9282,276.16,78,82,4.09,ES,1738090049
365,watertown,42.3709,-71.1828,274.31,34,0,8.75,US,1738090050
366,mahalapye,-23.1041,26.8142,298.04,39,5,3.57,BW,1738090052
367,yeniseysk,58.4497,92.1703,251.5,85,47,4.38,RU,1738090053
368,dakhla,23.6848,-15.958,293.16,77,0,11.83,EH,1738090054
369,fuyu,45.1833,124.8167,260.34,96,100,3.39,CN,1738090055
370,kasongo,-4.45,26.6667,293.52,94,35,0.3,CD,1738090056
371,uliastay,47.7417,96.8444,253.92,78,91,3.16,MN,1738090058
372,jiangzi,28.95,89.6333,264.95,11,0,1.0,CN,1738090059
373,las lomitas,-24.7096,-60.593,316.15,20,47,3.84,AR,1738090060
374,yerofey pavlovich,53.9667,121.9667,246.15,97,30,1.69,RU,1738090061
375,okhotsk,59.3833,143.3,247.86,75,73,3.83,RU,1738090062
376,kardla,58.9978,22.7492,278.14,100,100,3.09,EE,1738090063
377,beloyarskiy,63.7119,66.6722,250.4,99,99,1.54,RU,1738090064
378,nadi,-17.8,177.4167,296.15,100,40,2.06,FJ,1738090066
379,dulag,10.9525,125.0317,297.82,90,100,3.39,PH,1738090067
380,salihli,38.4826,28.1477,285.1,73,0,1.7,TR,1738090068
381,sitka,57.0531,-135.33,276.09,87,100,0.0,US,1738090069
382,puro,12.4841,123.3827,298.2,83,99,7.74,PH,1738090070
383,beyneu,45.3167,55.2,271.39,77,25,1.65,KZ,1738090072
384,sturgis,41.7992,-85.4192,276.97,52,0,7.72,US,1738090073
385,canto do buriti,-8.11,-42.9444,302.35,67,100,0.82,BR,1738090074
386,ust'-ilimsk,58.0006,102.6619,241.09,100,7,1.39,RU,1738090075
387,fujin,47.26,132.0322,261.11,95,100,3.75,CN,1738090076
388,boa vista,2.8197,-60.6733,306.14,46,75,3.6,BR,1738090078
389,queenstown,-31.8976,26.8753,292.69,87,80,4.5,ZA,1738090041
390,huittinen,61.1833,22.7,274.43,98,100,1.5,FI,1738090080
391,alofi,-19.0595,-169.9187,297.09,94,100,1.54,NU,1738090081
392,moranbah,-22.0016,148.0466,296.94,87,100,5.28,AU,1738090082
393,sumberpucung,-8.1586,112.4829,295.41,95,100,1.61,ID,1738090084
394,yantongshan,43.2919,126.0094,258.17,97,100,1.58,CN,1738090085
395,dickinson,29.4608,-95.0513,287.07,85,100,4.12,US,1738089916
396,usinsk,65.9939,57.5281,258.77,89,86,2.62,RU,1738090087
397,arteche,12.2645,125.4048,297.88,91,100,4.24,PH,1738090088
398,tadine,-21.55,167.8833,298.1,85,29,5.54,NC,1738090090
399,portel,-1.9356,-50.8211,304.05,57,61,2.19,BR,1738090091
400,carutapera,-1.195,-46.02,302.49,68,12,3.96,BR,1738090092
401,luganville,-15.5333,167.1667,298.97,86,100,1.06,VU,1738090093
402,al muwayh,22.4333,41.7583,290.76,26,0,1.48,SA,1738090094
403,melilla,35.2937,-2.9383,289.36,63,20,9.77,ES,1738090095
404,portland,45.5234,-122.6762,280.47,58,0,4.47,US,1738089837
405,waingapu,-9.6567,120.2641,298.99,85,100,1.84,ID,1738090098
406,buala,-8.145,159.5921,299.45,82,99,2.26,SB,1738090099
407,champerico,14.3,-91.9167,301.98,62,0,4.58,GT,1738090100
408,rhede,51.8333,6.7,281.08,87,100,7.8,DE,1738090101
409,broome,42.2506,-75.833,269.87,58,40,6.17,US,1738090102
410,turtas,58.9417,69.1325,248.51,100,97,1.41,RU,1738090104
411,tarko-sale,64.9225,77.785,249.94,89,99,4.66,RU,1738090105
412,ushtobe,45.2514,77.9838,265.76,93,100,0.91,KZ,1738090106
413,francisco sa,-16.4758,-43.4883,303.38,50,86,2.15,BR,1738090107
414,sipkovica,42.035,20.9156,277.68,49,86,2.44,MK,1738090108
415,santana,-0.0583,-51.1817,305.25,62,20,5.66,BR,1738090109
416,malanje,-9.5402,16.341,291.34,97,100,2.22,AO,1738090110
417,da nang,16.0678,108.2208,291.14,88,100,0.0,VN,1738090111
418,nacimiento,-37.5,-72.6667,302.58,9,0,4.92,CL,1738090113
419,ola,59.5833,151.2833,247.56,79,16,3.52,RU,1738090114
420,pryamitsyno,51.6561,35.9314,279.01,79,100,3.89,RU,1738090115
421,kamianka,49.0318,32.104,280.16,90,15,5.82,UA,1738090116
422,gulod,14.3449,121.2177,298.66,83,100,4.51,PH,1738090117
423,general acha,-37.377,-64.6043,307.17,20,0,5.36,AR,1738090119
424,linden,6.0,-58.3,300.6,81,98,1.34,GY,1738090120
425,kerikeri,-35.2268,173.9474,289.82,89,12,0.91,NZ,1738090121
426,tarazona,41.9,-1.7333,279.34,74,78,4.19,ES,1738090122
427,freetown,8.484,-13.2299,301.99,70,40,5.14,SL,1738090145
428,yuzhne,46.6221,31.1013,279.41,96,42,6.16,UA,1738090146
429,moab,38.5733,-109.5498,281.27,29,100,1.92,US,1738089983
430,tucuma,-0.1833,-50.05,302.08,72,63,3.41,BR,1738090148
431,kavaratti,10.5669,72.642,299.56,71,100,2.24,IN,1738090149
432,bay city,43.5945,-83.8889,272.62,70,100,6.17,US,1738090150
433,howard springs,-12.497,131.047,298.1,100,100,1.53,AU,1738090152
434,luchegorsk,46.4764,134.2569,259.32,96,100,1.61,RU,1738090153
435,aksu,41.1231,80.2644,264.66,77,100,0.9,CN,1738090154
436,saint-francois,46.4154,3.9054,280.84,78,75,4.63,FR,1738090155
437,princeville,45.7668,-61.2985,274.69,91,100,5.66,CA,1738090156
438,labytnangi,66.6572,66.4183,249.06,98,100,0.9,RU,1738090081
439,masina,-4.3836,15.3914,304.31,51,40,3.09,CD,1738090159
440,arauco,-37.2463,-73.3175,296.04,33,23,3.76,CL,1738090160
441,mejit,10.2753,170.8646,299.53,82,98,8.45,MH,1738090161
442,wolmaransstad,-27.1974,25.9831,298.62,32,100,1.03,ZA,1738090162
443,kone,-21.0595,164.8658,296.3,89,44,1.99,NC,1738090163
444,kismayo,-0.3582,42.5454,297.75,85,0,6.21,SO,1738090165
445,mbandaka,0.0487,18.2603,298.48,71,22,1.29,CD,1738090166
446,'alaqahdari dishu,30.4374,63.313,284.63,36,81,3.48,AF,1738090167
447,san fernando de apure,7.8878,-67.4724,309.69,28,68,4.18,VE,1738090168
448,luderitz,-26.6481,15.1594,291.54,92,14,3.56,NA,1738090169
449,mahibadhoo,3.7833,72.9667,299.98,79,100,3.92,MV,1738090170
450,puerto santa,-8.9906,-78.6456,297.04,72,19,4.25,PE,1738090172
451,armacao de buzios,-22.7469,-41.8817,304.24,87,99,5.15,BR,1738090173
452,kulunda,52.566,78.9385,259.69,97,100,2.88,RU,1738090174
453,tahe,52.3333,124.7333,246.81,100,94,1.65,CN,1738090175
454,geraldton,-28.7667,114.6,296.38,83,0,1.03,AU,1738090176
455,port macquarie,-31.4333,152.9167,294.3,98,76,2.24,AU,1738090177
456,sumbawa besar,-8.5,117.4333,297.4,98,100,1.42,ID,1738090178
457,lucapa,-8.4192,20.7447,291.5,91,100,1.11,AO,1738090179
458,sungai penuh,-2.0833,101.3833,292.23,96,100,2.11,ID,1738090181
459,cabo san lucas,22.8909,-109.9124,296.21,63,100,3.13,MX,1738090182
460,birjand,32.8663,59.2211,276.41,75,40,3.09,IR,1738090183
461,maragogi,-9.0122,-35.2225,301.32,70,98,4.52,BR,1738090184
462,san clemente del tuyu,-36.3569,-56.7235,296.46,65,100,10.84,AR,1738090186
463,gamba,-2.65,10.0,299.03,83,100,2.07,GA,1738090187
464,al hawatah,13.4167,34.6333,298.83,19,0,4.5,SD,1738090188
465,lodja,-3.4833,23.4333,295.28,90,71,0.89,CD,1738090189
466,tateyama,34.9833,139.8667,281.14,49,0,16.59,JP,1738090032
467,gisborne,-38.6533,178.0042,288.22,77,1,4.16,NZ,1738090192
468,rabo de peixe,37.8,-25.5833,290.92,99,75,6.69,PT,1738090193
469,roma,43.2128,-75.4557,267.42,50,100,5.66,US,1738090194
470,fish town,5.1964,-7.8756,298.44,80,89,2.27,LR,1738090195
471,saldanha,-33.0117,17.9442,293.82,84,42,2.55,ZA,1738090196
472,bafq,31.6128,55.4107,278.66,63,5,4.37,IR,1738090197
473,rosarito,32.3333,-117.0333,284.56,63,12,2.16,MX,1738090198
474,mili,6.0815,171.735,299.65,82,95,6.46,MH,1738090200
475,helena valley west central,46.6629,-112.0604,274.34,72,0,1.54,US,1738090201
476,moyobamba,-6.05,-76.9667,297.14,90,70,0.64,PE,1738090202
477,vorkuta,67.5,64.0,248.5,98,100,0.66,RU,1738090203
478,farias brito,-6.9306,-39.5656,299.85,73,82,2.34,BR,1738090204
479,kaa-khem,51.6833,94.7333,258.39,94,100,0.81,RU,1738090205
480,crane,31.3974,-102.3501,283.21,81,100,4.38,US,1738090207
481,saint-mandrier-sur-mer,43.078,5.929,285.42,68,0,7.15,FR,1738090208
482,kandahar,31.0,65.75,282.38,37,90,1.95,AF,1738090209
483,the bottom,17.6259,-63.2492,297.6,80,5,7.35,BQ,1738090210
484,juan griego,11.0817,-63.9655,302.66,61,31,5.68,VE,1738090211
485,jayapura,-2.5333,140.7,296.81,90,97,0.34,ID,1738090212
486,agat village,13.3886,144.6585,299.68,79,0,4.63,GU,1738090214
487,sarikei,2.1167,111.5167,296.1,99,100,1.66,MY,1738090215
488,al bardiyah,31.7561,25.0865,287.44,70,0,1.3,LY,1738090216
489,timoteo,-19.5825,-42.6444,306.63,86,100,1.04,BR,1738090217
490,diplo,24.4667,69.584,293.18,54,9,4.15,PK,1738090218
491,ain sukhna,29.6002,32.3167,287.86,63,92,3.23,EG,1738090219
492,sisimiut,66.9395,-53.6735,264.43,73,100,5.13,GL,1738090220
493,raiganj,25.6167,88.1167,288.85,50,0,0.86,IN,1738090221
494,santa rosa de rio primero,-31.1523,-63.4019,305.21,38,24,5.92,AR,1738090223
495,eldoret,0.5204,35.2699,287.2,88,75,2.06,KE,1738090224
496,moose jaw,50.4001,-105.5344,275.3,69,75,8.23,CA,1738090225
497,tidjikja,18.5564,-11.4271,298.24,11,4,5.56,MR,1738090226
498,tayshet,55.9342,98.0044,252.12,91,100,4.51,RU,1738090227
499,brookings,44.3114,-96.7984,282.29,43,0,13.89,US,1738090228
500,altay,47.8667,88.1167,258.19,63,53,3.31,CN,1738090229
501,alice springs,-23.7,133.8833,299.9,44,17,3.6,AU,1738090231
502,kupang,-10.1667,123.5833,300.47,94,100,1.03,ID,1738090232
503,miri,4.4148,114.0089,297.23,100,40,1.54,MY,1738090233
504,raton,36.9034,-104.4391,280.49,29,0,3.09,US,1738090234
505,acarau,-2.8856,-40.12,301.59,73,3,6.7,BR,1738090235
506,sarpang,26.864,90.2674,286.0,68,35,1.99,BT,1738090236
507,buka,40.8108,69.1986,275.81,70,100,1.86,UZ,1738090238
508,karratha,-20.7377,116.8463,304.86,62,99,4.17,AU,1738090239
509,zelenoborskiy,66.845,32.3622,269.58,97,100,3.19,RU,1738090240
510,dondo,-19.6094,34.7431,297.72,92,100,3.82,MZ,1738090241
511,upington,-28.4478,21.2561,300.95,41,77,10.69,ZA,1738090242
512,ati,13.2154,18.3353,295.37,14,27,4.96,TD,1738090243
513,barah,13.7,30.3667,291.34,19,0,4.84,SD,1738090245
514,ath thawrah,35.8469,38.5443,284.6,42,0,2.34,SY,1738090246
515,archangelos,36.2149,28.1149,287.21,85,66,1.61,GR,1738090247
516,toguchin,55.2353,84.3858,259.72,95,100,2.92,RU,1738090248
517,timbuktu,16.7735,-3.0074,299.78,9,100,4.59,ML,1738090249
518,egersund,58.4513,5.9997,278.71,90,100,8.38,NO,1738090250
519,khorixas,-20.3667,14.9667,295.01,63,49,6.28,NA,1738090252
520,khark,29.2614,50.3306,291.5,57,0,6.64,IR,1738090253
521,saint-philippe,-21.3585,55.7679,299.71,86,99,0.41,RE,1738090254
522,ts'alenjikha,42.6044,42.0682,280.28,57,1,2.21,GE,1738090255
523,bikenibeu village,1.3673,173.1241,299.13,83,20,4.63,KI,1738090256
524,sena madureira,-9.0656,-68.6569,303.71,59,99,1.74,BR,1738090257
525,guerrero negro,27.9769,-114.0611,288.79,50,10,7.67,MX,1738090259
526,antonio enes,-16.2325,39.9086,299.54,89,100,0.85,MZ,1738090260
527,magadan,59.5667,150.8,249.62,69,6,3.12,RU,1738090261
528,porto seguro,-16.4497,-39.0647,302.44,70,40,8.23,BR,1738090262
529,nampula,-15.1165,39.2666,296.22,94,100,0.71,MZ,1738090263
530,menongue,-14.6585,17.691,292.0,81,99,1.18,AO,1738090265
531,yaren,-0.5472,166.916,300.25,74,99,6.65,NR,1738090266
532,mar del plata,-38.0023,-57.5575,296.16,55,20,8.23,AR,1738090038
533,kitob,39.0843,66.8332,276.61,72,100,1.35,UZ,1738090268
534,hammerfest,70.6634,23.6821,272.4,69,0,3.09,NO,1738090269
535,lugus,5.7036,120.8203,300.52,81,100,4.47,PH,1738090270
536,garwolin,51.8975,21.6147,283.32,77,98,4.47,PL,1738090271
537,troitsko-pechorsk,62.7084,56.1964,259.66,95,100,2.87,RU,1738090272
538,maturin,9.75,-63.1767,302.06,94,84,2.57,VE,1738090273
539,tamanrasset,22.785,5.5228,292.1,12,0,2.57,DZ,1738090275
540,ratnagiri,16.9833,73.3,296.78,62,100,1.38,IN,1738090276
541,sao vicente,-23.9631,-46.3919,300.92,33,75,4.12,BR,1738090277
542,nova vicosa,-17.8919,-39.3719,301.88,65,100,5.58,BR,1738090278
543,linxia chengguanzhen,35.6003,103.2064,262.73,81,100,0.79,CN,1738090279
544,olmos,-5.9847,-79.7453,305.87,38,97,2.6,PE,1738090280
545,goondiwindi,-28.55,150.3167,297.59,54,0,3.19,AU,1738090281
546,carthage,36.8611,10.3316,288.89,67,20,2.57,TN,1738090282
547,menaka,15.9182,2.4022,299.39,10,5,3.65,ML,1738090283
548,vegreville,53.5001,-112.0518,274.18,64,100,4.12,CA,1738090285
549,arzgir,45.3728,44.2206,275.86,87,18,3.67,RU,1738090286
550,afif,23.9065,42.9172,288.83,45,0,5.25,SA,1738090287
551,crestview,30.7621,-86.5705,289.77,55,75,2.57,US,1738090289
552,cole harbour,44.6724,-63.4751,274.8,88,100,6.17,CA,1738090290
553,sequim,48.0795,-123.1018,280.03,75,6,0.45,US,1738090291
554,oriximina,-1.7656,-55.8661,305.64,55,85,1.59,BR,1738090292
555,nanning,22.8167,108.3167,286.4,28,100,1.77,CN,1738089795
556,margate,51.3813,1.3862,281.41,88,100,0.89,GB,1738090294
557,kenai,60.5544,-151.2583,265.45,68,75,7.72,US,1738090296
558,aykhal,66.0,111.5,246.22,100,100,2.01,RU,1738090297
559,port sudan,19.6175,37.2164,296.08,59,0,2.85,SD,1738090298
560,zavoronezhskoye,52.8801,40.5526,275.3,89,100,3.47,RU,1738090299
561,acara,-1.9608,-48.1967,302.3,68,100,1.22,BR,1738090300
562,hami,42.8,93.45,265.69,54,90,1.38,CN,1738090302
563,slave lake,55.2834,-114.769,276.14,56,100,7.2,CA,1738090202
564,dodola,6.9833,39.1833,289.43,57,100,0.48,ET,1738090304
565,yumbe,3.4651,31.2469,297.26,24,8,2.99,UG,1738090305
566,sampit,-2.5333,112.95,295.95,96,100,0.91,ID,1738090307
567,logrono,42.4667,-2.45,279.87,81,40,6.17,ES,1738090308
